,Cnsmr,Manuf,HiTec,Hlth ,Other
192607,5.43,2.73,1.83,1.77,2.13
192608,2.76,2.33,2.41,4.25,4.35
192609,2.16,-0.44,1.06,0.69,0.29
192610,-3.9,-2.42,-2.26,-0.57,-2.84
192611,3.7,2.5,3.07,5.42,2.11
192612,3.62,2.76,1.03,0.11,3.47
192701,-1.19,0.15,0.46,5.05,1.5
192702,5.28,4,4.19,1.71,5.05
192703,1.64,-1.43,3.65,1.01,1.22
192704,3.52,-1.13,1.35,2.74,0.83
192705,6.09,5.67,5.28,4.12,6.54
192706,-1.95,-3.03,0.51,0.54,-2.15
192707,8.69,7.51,7.59,9.84,6.04
192708,5.23,1.97,2.94,0.28,-1.03
192709,5.89,4.9,3.93,5.65,4.59
192710,-3,-4.7,-4.54,5.13,-3.82
192711,7.74,7.7,6.52,3.68,4.5
192712,3.6,2.2,1.28,-0.46,1.96
192801,-1.21,0.18,-0.03,2.69,-1.01
192802,-1.53,-1.11,-0.38,-1.38,-2.02
192803,13.86,6.96,10.32,10.54,6.04
192804,0.43,7.69,2.7,2.35,4.31
192805,3.5,0.1,4.36,9.27,0
192806,-4.05,-4.35,-5.12,-3.15,-4.29
192807,2.2,1.03,-0.29,2.39,-0.35
192808,8.99,6.28,7.23,14.57,4.75
192809,3.66,4.44,0.42,-1.14,1.01
192810,1.69,2.39,2.38,0.05,-0.43
192811,7.8,16.03,13.46,5.05,9.96
192812,-1.01,0.51,3.78,-0.41,0.4
192901,0.68,6.04,11.7,3.43,5.56
192902,-1.51,1.35,-0.9,0.05,0.02
192903,-3.62,1.09,4.41,-1.5,-2.17
192904,1.1,2.44,2.48,1.48,0.46
192905,-9.68,-5.66,-3.68,-7.84,-0.01
192906,7.03,12.44,15.73,4.52,5.75
192907,0.4,4.56,10.97,2.59,6.57
192908,4.93,9.73,11.92,3.09,7.73
192909,-5.75,-3.94,-5.1,-7.02,-6.4
192910,-20.43,-20.47,-22.65,-18.02,-11.76
192911,-12.13,-12.35,-14.84,-7.9,-9.57
192912,0.12,2.35,6.1,1.11,-0.49
193001,5.53,5.04,6.32,2.55,4.89
193002,0.48,2.23,7.45,3.15,3.25
193003,3.87,10.15,8.41,5.99,4.84
193004,-1.72,-1.07,-0.84,-1.27,-6.44
193005,1.86,-2.14,-2.4,-1.49,-0.96
193006,-15.68,-16.95,-14.85,-13.34,-11.7
193007,5.4,4.64,2.78,6.52,3.44
193008,1.56,-0.43,2,7.71,-0.38
193009,-11.51,-13.57,-12.35,-8.7,-10.51
193010,-7.46,-9.06,-10.87,-4.37,-8.43
193011,2.04,-3.75,-3.27,-3.23,-5.17
193012,-5.83,-7.8,-7.09,-6.79,-8.8
193101,6.47,4.5,4.99,8.23,11.89
193102,11.35,12.07,13.43,7.81,5.47
193103,-2.64,-7.06,-5.64,1.8,-9.4
193104,-5.9,-12.3,-8.48,-3.62,-9.89
193105,-10.64,-13.86,-10.76,-10.26,-17.39
193106,11.01,15.12,13.99,9.69,16.22
193107,-2.84,-7.23,-7.25,2.61,-9.86
193108,-0.32,1.32,2.02,0.39,-3.98
193109,-28.58,-30.86,-26.78,-29.45,-26.5
193110,9.99,9.38,7.02,11.26,1.9
193111,-5.42,-7.29,-9.77,-2.79,-19.17
193112,-10.69,-15.53,-10.06,-4.1,-16.53
193201,-0.41,-2.19,-6.74,-2.66,6.79
193202,4.33,6.96,9.78,2.05,-0.28
193203,-10.33,-9.7,-11.41,-6.41,-15.96
193204,-15.89,-18.19,-16.23,-19.77,-22.36
193205,-22.68,-17.82,-16.06,-34.08,-30.02
193206,-0.75,1.25,-5.41,11.05,-2
193207,28.44,35.86,24.4,29.18,55.85
193208,28.96,37.21,33.84,35.87,58.67
193209,1.9,-5.19,-1.82,-11.92,-4.15
193210,-14.57,-11.22,-11.87,-18.56,-17.99
193211,-5.92,-6.63,-3.36,5.53,-6.9
193212,4.21,4.23,4.82,6.82,4.88
193301,2.25,-0.93,0.65,-1.13,8.53
193302,-14.05,-17.32,-11.55,-10.82,-16.41
193303,9.79,1.84,-2.51,-3.16,3.77
193304,43.67,43.53,25.52,37.13,30.8
193305,16.46,22.17,18.29,23.49,31.54
193306,13.98,13.15,10.62,10.39,14.5
193307,-8.18,-12.04,-6.94,-19.11,-6.62
193308,12.01,13.05,7.59,-0.38,14.59
193309,-9.79,-9.93,-8.79,-1.31,-16.39
193310,-9.1,-6.99,-8.08,-6.02,-10.91
193311,12.06,10.72,8.12,9.4,5.35
193312,2.04,2.24,-1.86,-11.73,4.7
193401,12.49,11.77,9.78,16.77,18.58
193402,-2.36,-2.99,-1.24,-3.59,-1.88
193403,1,-1.36,1.99,-0.64,0.82
193404,-0.9,-2.69,-1.67,8,-1.6
193405,-6.92,-8.07,-5.18,-0.38,-7.36
193406,1.78,3.31,1.87,2.04,3.12
193407,-8.05,-11.92,-7.27,-1.89,-17.37
193408,5.9,6.26,4.05,-3.05,4.41
193409,0.88,-1.11,1.07,0.8,-0.37
193410,0.21,-2.81,-1.33,-0.71,-2.22
193411,10.93,9.14,4.01,4.07,5.64
193412,0.17,0.37,1.16,0.62,-0.19
193501,-4.3,-3.07,0.21,-0.86,-6.72
193502,-0.12,-3.45,0.68,4.25,-4.7
193503,-4.85,-2.72,-2.18,-3.14,-5.34
193504,5.9,11.11,9.6,3.18,8.75
193505,1.88,3.79,5.96,-4.02,3.88
193506,6.72,5.35,6.57,4.09,6.33
193507,8.13,7.27,7.35,3.19,7.26
193508,2.42,2.3,3.7,0.29,3.41
193509,3.88,1.24,5.76,1.11,0.62
193510,6.59,9.02,5.59,5.97,2.42
193511,2.28,3.54,7.97,1.74,13.23
193512,2.65,6.81,1.45,2.35,4.29
193601,2.21,9.04,5.21,3.46,12.17
193602,1.78,2.52,3.73,3.45,2.81
193603,2.93,2,-1.91,3.52,-2.94
193604,-6.79,-9.27,-7,-9.19,-7.41
193605,4.97,4.6,5.91,4.8,7.4
193606,4.56,1.73,1.93,1.29,1.75
193607,4.32,7.39,6.69,4.65,9.64
193608,0.76,0.64,2.06,-1.48,1.85
193609,1.5,1.32,-0.4,0.77,0.9
193610,5.64,8.72,5.39,3.78,8.1
193611,3.79,3.27,4.63,3.4,0.48
193612,-5.01,3.43,1.01,-2.04,-1.18
193701,3.54,3.75,3.66,3.47,1.04
193702,0.88,1.54,-2.2,-3.72,4.78
193703,-2.47,1.08,-3.3,-5.03,2.7
193704,-7.09,-7.9,-6.43,-3.32,-6.83
193705,-1.87,0,1.17,1.68,-3.34
193706,-5.41,-3.49,-0.01,-4.12,-8.95
193707,8.88,9.9,6.32,4.14,8.74
193708,-2.83,-5.6,-3.65,1.09,-8.34
193709,-11.45,-15.74,-8.04,-10.76,-15.93
193710,-8.94,-11,-6.21,-3.55,-10.12
193711,-10.75,-8.7,-4.05,-5.12,-6.87
193712,-7.29,-3.05,-1.84,-2.41,-6.63
193801,5.76,-1.2,-2.45,3.52,0.49
193802,4.82,8.38,0.69,8.61,4.88
193803,-20.45,-24.96,-22.25,-14.44,-29.77
193804,13.81,14.6,14.91,11.82,14.54
193805,-2.78,-5.6,-0.87,1.71,-3.96
193806,21.24,27.74,18.89,10.07,24.87
193807,10.87,6.26,3.41,5.8,10.01
193808,-0.65,-4.32,-0.42,0.36,-3.72
193809,0.46,1.39,1.2,-0.01,-1.25
193810,6.24,8.37,6.67,5.63,11.11
193811,-1.58,-1.77,-1.81,1.44,-2.01
193812,2.15,5.22,2.81,0.85,6.34
193901,-4.28,-7.38,-2.69,-0.96,-8.66
193902,4.76,2.63,3.17,3.72,4.69
193903,-10.42,-13.53,-8.06,-4.33,-14.98
193904,0.47,-0.7,0.43,1,-1.81
193905,7.58,6.16,6.68,5.49,8.04
193906,-3.59,-5.94,-5.55,1.1,-7.64
193907,10.02,10.44,9.61,3.08,11.57
193908,-7.23,-6.02,-5.86,-5.43,-9.99
193909,9.65,23.43,6.5,7.07,25.74
193910,2.26,-2.35,1.31,0.21,-1.6
193911,-1.7,-5.48,-0.57,1.22,-5.07
193912,3.37,2.9,3.18,3.77,2.4
194001,-0.71,-3.49,-1.85,-1.79,-2.68
194002,1.67,1.79,0.37,1.48,0.88
194003,2.65,1.6,1.93,1.9,2.63
194004,0.58,0.36,-0.43,-0.31,-0.76
194005,-23.34,-22.45,-16.86,-21.21,-24.04
194006,7.21,6.22,6.48,4.91,8.59
194007,2.83,3.47,3.12,-0.52,3.39
194008,3.61,1.77,1.06,-2.29,2.89
194009,2.92,1.92,2.67,4.61,2.48
194010,0.68,4.52,1.94,-3,5.31
194011,-1.15,-2.47,-0.77,-1.82,-0.12
194012,-0.77,1.5,1.21,-0.23,0.24
194101,-4.11,-5.44,-2.28,-2.19,-1.6
194102,-1.33,-1.64,-1.5,-4.69,-0.31
194103,0,0.96,1.21,1.77,1.8
194104,-6.4,-4.46,-7.32,-5.22,-4.44
194105,0.03,3.24,0.09,-1.45,-0.92
194106,5.28,5.91,7.22,6.72,4.5
194107,4.87,7.93,0.48,8.03,7.53
194108,1.65,-1.52,0.93,0.08,0.2
194109,2.13,-2.32,-0.16,-0.21,-2.58
194110,-6.86,-4.5,-5.66,-3.69,-4.13
194111,-3.64,-0.61,-3.28,-2.93,-1.54
194112,-7.7,-3.35,-5.13,-1.59,-5.37
194201,3.11,-1.53,-0.43,-2.99,9.55
194202,-1.58,-3.32,-1.35,-5.35,-1.87
194203,-5.03,-6.83,-6.65,-5.54,-8.98
194204,-4.6,-4.23,-5.81,-4.45,-2.02
194205,9.84,3.59,7.78,14.69,3.54
194206,2.73,3.6,0.61,2.85,1.99
194207,2.9,3.36,3.3,1.6,6.58
194208,1.51,1.89,1.72,2.43,2.42
194209,0.97,3.21,3.38,0.26,3.38
194210,4.03,8.2,6.22,4.13,8.91
194211,2.63,-1.36,2.36,1.58,-2.06
194212,5.39,5.82,2.88,8.69,4.44
194301,7.31,7.47,6.5,2.47,7.06
194302,4.81,6.24,6.3,3.64,9.47
194303,5.56,6.17,3.7,4.56,10.09
194304,1.06,-0.23,2.75,1.4,2.19
194305,6.78,5.38,5.35,5.13,5.59
194306,3.81,1.28,2.34,0.5,-0.8
194307,-4.84,-5.01,-3.54,-3.26,-5.19
194308,2.44,0.92,0.72,0.26,1.41
194309,2.01,2.4,3.13,4.02,2.18
194310,-1.07,-1.07,-1.19,0.57,-1.09
194311,-4.8,-6.79,-3.85,-3.93,-7.99
194312,6.91,6.44,5.27,3.94,7.16
194401,2.23,1.3,0.75,0.29,4.5
194402,1.22,-0.03,-0.47,-2.64,2.07
194403,3.34,2.1,2.09,2.46,2.66
194404,-1.47,-1.72,-1.18,-2.36,-2.46
194405,6.14,5.09,3.19,5.68,4.27
194406,6.94,4.89,5.14,3.85,5.95
194407,-1.89,-1.5,-1.04,-1.24,-0.77
194408,3.17,1.07,1.26,0.76,0.36
194409,0.54,-0.24,-0.16,0.43,0.1
194410,-0.84,0.49,0.78,1.09,0.67
194411,1.95,1.25,1.11,0.52,4.31
194412,2.71,4.39,2.54,1.71,8.46
194501,1.59,3.74,-0.79,0.56,0.62
194502,5.34,6.97,4.66,4.25,7.89
194503,-3.66,-4.74,-1.93,-1.83,-3.53
194504,8.49,8.13,5.19,6.33,8.81
194505,2.73,0.42,2.8,4.11,3.11
194506,-0.93,0.32,0.41,-4.65,4.48
194507,-0.95,-2.76,0.32,-1.62,-5.48
194508,8.42,6.01,5.48,9.19,2.52
194509,4.92,5.05,2.63,6.51,6.08
194510,4.39,3.8,1.57,6.61,5.76
194511,4.17,5.81,3.05,8.58,9.11
194512,2.25,0.76,1.52,1.53,0.15
194601,7.05,6.07,4.14,7.76,7.38
194602,-5.95,-5.67,-5.1,-4.31,-6.14
194603,6.15,7.17,1.65,14.57,4.68
194604,4.01,5.55,1.64,14.67,1.68
194605,3.41,4.41,3.97,5.64,3.39
194606,-5.49,-3.37,-2.48,-5.52,-3.25
194607,-2.5,-2.43,-1.64,-3.22,-4.97
194608,-6.54,-6.23,-6.95,-3.24,-6.8
194609,-10.7,-9.55,-7.15,-7.03,-14.38
194610,-1.32,-1.13,-4.05,-0.24,-0.46
194611,-2.34,1.28,-0.05,1.67,0.01
194612,4.44,5.92,4.21,7.23,2.74
194701,3.08,0.33,3.05,-5.32,0.47
194702,0.18,-1.27,-2.06,-4.19,-1.28
194703,-2.34,-0.67,-2.21,-1.26,-3.33
194704,-6.31,-3.98,-2.59,-8.6,-6.27
194705,-0.93,-0.77,-0.72,-2.68,-2.07
194706,7.26,6.15,0.09,4.19,3.19
194707,4.79,3.7,3.46,2.6,5.99
194708,-1.82,-1.24,-1.89,-3.83,-3.19
194709,-0.56,-0.59,0.98,-2.62,-0.96
194710,2.25,3.42,0.95,1.22,0.99
194711,-2.16,-1.74,-1.59,-3.04,-1.95
194712,1.04,4.48,1.44,3.1,3.72
194801,-3.6,-4.7,-2.68,-8.23,-0.87
194802,-5.29,-4.37,-2.45,-3.53,-4.11
194803,6.29,9.35,6.28,6.33,9.94
194804,2.31,5.14,1.04,2.14,3.25
194805,8.67,7.03,7.51,6.78,6.76
194806,-1.13,0.9,-0.51,-2.19,-0.75
194807,-4.17,-5.66,-4.11,-4.25,-4.99
194808,1.01,-0.44,1.51,-1.9,1.53
194809,-3.1,-3.04,-1.67,-3.08,-3.44
194810,5.05,7.23,3.89,5.19,4.96
194811,-7.78,-10.69,-5.64,-5.74,-10.58
194812,1.72,4.09,3.58,4.54,2.85
194901,2.6,-0.52,-1.3,4.57,0.32
194902,-2.54,-3.18,-2.22,-0.93,-3.2
194903,3.6,4.38,3.5,5.5,4.9
194904,-2.38,-1.36,-2.66,0.24,-1.52
194905,-0.93,-3.7,-3.7,-1.88,-2.69
194906,1.62,-0.39,0.64,2.16,-1.38
194907,6.24,5.85,4.48,6,4.19
194908,2.78,3.44,0.87,0.19,1.45
194909,2.63,3.66,2.36,1.86,3.39
194910,2.91,3.68,2.77,3.38,2.42
194911,2.76,1.31,2.74,4.81,1.23
194912,5.94,4.35,5.27,8.7,7.18
195001,1.26,1.46,3.21,1.06,3.2
195002,1.91,1.29,2.06,1.92,1.01
195003,0.28,1.92,3.46,-2.9,-0.7
195004,3.22,5.21,3.58,5.52,1.52
195005,3.81,6.18,1.07,3.96,1.35
195006,-4.8,-6.11,-6.17,-4.19,-6.79
195007,-1.01,2.81,-2.09,-6.94,7.5
195008,5.84,5.25,3.84,3.68,2.32
195009,7.16,4.2,2.17,6.15,6.51
195010,0.29,0.22,-0.63,-1.76,-1.51
195011,-0.6,4.65,1.18,4.68,3.94
195012,2.37,6.84,2.88,6.06,11.05
195101,5.86,6.02,4.82,3.1,6.39
195102,2.17,1.41,2.46,1.46,-0.42
195103,-1.24,-2.6,-1,1.7,-2.84
195104,1.66,7.12,2.03,10.41,3.75
195105,-2.73,-2.13,-1.62,1.57,-3.27
195106,-4.46,-1.77,-0.91,0.83,-5.12
195107,3.06,8.92,4.41,14.42,7.4
195108,4.43,4.76,4.31,-1.38,3.45
195109,1.63,0.05,1.76,-1.84,3.58
195110,-2.74,-1.67,-3.55,-5.94,-3.63
195111,1.08,0.19,1.33,-0.5,2.1
195112,1.5,4.42,3.03,5.11,2.13
195201,-0.35,2.56,-0.91,0.73,3.32
195202,-1.61,-3,-2.09,-4.22,-1.57
195203,4.27,4.88,3.16,0.37,5.84
195204,-2.79,-6.27,-2.17,-5.46,-3.39
195205,2.96,3.8,2.03,2.53,2.94
195206,3.76,4.22,3.94,-0.97,4.02
195207,1.7,1.06,0.95,-4.39,1.13
195208,1.03,-1.42,0.27,-0.55,-0.13
195209,-1.49,-2.44,0.29,-4.1,-1.37
195210,-0.26,-0.54,-0.12,-1.47,-1.57
195211,5.79,5.81,6.49,7.25,7.27
195212,3.6,3.13,1.86,-1.96,3.74
195301,0.75,-0.51,-0.62,-5.12,1.08
195302,0.07,-0.31,0.04,2.09,-0.23
195303,-2.43,-0.96,-0.63,-0.16,-1.44
195304,-1.06,-3.6,-0.95,-5.35,-3.2
195305,0.46,0.72,0.72,-0.03,1.44
195306,-2.16,-1.72,-0.82,-3.29,-2.05
195307,1.75,3.18,1.54,3.66,1.43
195308,-4.22,-4.53,-2.61,0.05,-6.8
195309,-0.21,0.26,2.39,0.43,-0.98
195310,3.26,5.6,4.13,2.66,3.68
195311,1.28,3.26,3.51,7.98,2.78
195312,-0.28,0.57,0.52,-1.34,-2.31
195401,4.34,5.59,4.37,5.65,6.66
195402,0.67,1.67,3.98,-0.18,1.54
195403,1.91,4.33,5.25,0.28,1.79
195404,2.28,5.05,5.65,1.2,2.87
195405,3.34,3.63,0.42,1.61,4.4
195406,1.39,0.12,5.3,-2.43,1.48
195407,7.13,4.95,2,8.21,6.83
195408,-2.31,-2.09,-2.97,-2.57,-2.26
195409,8.26,6.77,5.06,2.82,4.33
195410,-1.71,-1.88,-1.36,-1.62,0.57
195411,6.04,10.48,8.89,12.55,11.16
195412,4.98,6.01,2.33,6.13,9.39
195501,0.76,0.3,2.71,-2.88,0.88
195502,0.42,3.54,4.61,2.85,3.76
195503,-0.63,0,-0.97,6.1,0.94
195504,4.12,2.88,3.95,0.01,3.44
195505,0.21,1.4,0.68,3.14,1.64
195506,6.18,8.77,2.88,0.17,2.37
195507,9.37,0.61,-0.57,0.14,-1.8
195508,-1.86,1.38,-1.05,0.15,0.47
195509,4.38,-0.83,-1.84,-3.2,-2.5
195510,-3.18,-2.2,-3.48,0.81,-2.84
195511,6.77,7.48,6.54,6.26,8.05
195512,-1.82,2.81,3.16,6.22,-0.72
195601,-4.64,-2.49,-2.18,-6.5,-2.76
195602,3.68,4.26,3.37,8.25,3.17
195603,2.53,8.46,6.42,7.24,5.68
195604,-2.64,1.52,-0.66,2.74,0.5
195605,-4.11,-5.58,-3.55,-1.24,-5.48
195606,3.79,3.83,4.32,3.58,1.59
195607,3.92,6.03,4.12,3.1,2.41
195608,-0.65,-3.77,-2.58,-3.07,-3.6
195609,-2.32,-5.73,-5.07,-3.69,-4.4
195610,-0.29,0.87,1.14,0.58,1.1
195611,-2.42,1.21,1.05,-1.31,0.21
195612,0.65,4.19,3.58,6.05,2.02
195701,-2.32,-4.05,-1.87,-2.26,-0.54
195702,-1.42,-2.25,-0.2,-0.35,-2.57
195703,1.13,2.33,3.26,8.21,2.31
195704,4.12,4.64,4.76,5.43,3.15
195705,1.28,4.71,3.71,4.78,1.36
195706,-0.75,-1.21,2.1,6.45,-1.11
195707,2.55,0.62,0.51,2.98,1.12
195708,-2.53,-5.57,-4.13,-2.26,-5.41
195709,-3.93,-6.52,-4.55,-3.71,-6.64
195710,-3.62,-4.45,-1.93,-0.45,-6.88
195711,-1.51,3.21,4.26,7.77,0.33
195712,-4.19,-4.25,-1.31,-0.38,-4.36
195801,6.58,4.32,4.12,-0.05,11.02
195802,0.34,-2.23,-0.64,4.92,-1.78
195803,3.49,3.57,1.94,7.53,2.51
195804,3.74,3.27,1.13,7.52,4.55
195805,3.8,2.06,1.8,1.07,3.74
195806,2.53,3.16,2.71,3.23,2.88
195807,5.12,4.64,2.48,5.97,5.31
195808,2.07,1.66,2.22,1.98,3.07
195809,6.91,3.97,5.68,11.72,4.64
195810,1.91,2.73,3.13,1.05,3.64
195811,3.54,2.62,3.4,8.03,4.7
195812,3.55,4.13,13.16,4.61,3.05
195901,1.92,0.79,0.41,-0.62,1.95
195902,0.95,-0.04,5.01,3.86,1.69
195903,-0.63,0.74,1.11,4.26,-0.72
195904,5.6,2.54,6.76,11.92,2.07
195905,3.87,1.79,2.29,-1.07,0.65
195906,1.25,-0.37,-1.01,6.59,1.41
195907,5.24,4.07,0.55,4.74,0.15
195908,1.53,-1.68,-1.21,-3.52,-2.2
195909,-3.45,-5.35,-2.82,-4.96,-4.11
195910,0.84,1.26,3.43,2.38,0.17
195911,1.02,1.23,4.76,5.62,-0.5
195912,3.65,2.67,3.79,-1.63,2.08
196001,-7.56,-7.1,-5.49,-6.35,-4.43
196002,1.01,-0.09,6.67,0.27,0.01
196003,-2.65,-1.9,0.95,1.61,-2.34
196004,-0.41,-2.77,-0.14,1.68,-1.14
196005,2.83,1.62,6.89,13.77,0.33
196006,2.76,2.92,0.69,-0.16,2.85
196007,-1.32,-2.44,-2.45,-3.86,-1.54
196008,3.66,2.85,3.65,2.46,3.02
196009,-5.42,-5.07,-7.51,-8.71,-5.8
196010,0.29,0.01,-1.77,-3.49,-0.86
196011,4.73,4.25,5.76,4.04,6.75
196012,2.24,4.81,7.19,6.22,4.18
196101,5.86,7.03,5.19,6.05,7.83
196102,5.44,3.64,1.78,5.19,5.68
196103,4.76,1.59,4.96,3.8,3.45
196104,-0.76,0.87,0.63,-0.3,0.49
196105,3.08,2.98,1,2.28,4.21
196106,-1.07,-2.98,-3.65,-3.38,-3.91
196107,4.14,2.51,3.96,3.45,1.26
196108,3.58,2.19,2.47,3.84,5.3
196109,2,-3.64,-1.18,-1.31,-1.79
196110,3.72,2.66,1.91,3.52,2.27
196111,6.88,3.69,5.44,3.27,3.91
196112,-0.58,0.01,1.17,-2.02,-1.86
196201,-4.95,-2.4,-5.49,-4.62,-1.37
196202,-0.07,2.71,1.91,3.76,1.7
196203,-0.61,-0.22,-1.3,0.54,-1.84
196204,-5.27,-5.6,-8.06,-11.01,-7.11
196205,-8.42,-7.89,-9.19,-10.9,-7.91
196206,-8.34,-7.2,-10.05,-12.59,-9.17
196207,6.33,5.74,9.21,7.78,5.71
196208,2.88,2.44,2.47,-7.92,3.89
196209,-4.79,-3.92,-7.46,-4.05,-5.75
196210,-0.54,0.37,1.34,2.47,0.66
196211,9.82,11.09,10.74,17.59,14.89
196212,1.67,1.67,0.45,0.89,1.38
196301,5.66,4.74,4.88,5.65,5.24
196302,-2.45,-1.95,-3.08,-2.58,-0.35
196303,4.41,3.77,2.33,1.18,2.87
196304,4.51,4.53,5.05,7.62,5.88
196305,4.6,1.18,1.78,-0.25,3.65
196306,-1.99,-1.12,-3.47,-1.09,-1.31
196307,-0.48,0.23,-0.42,0.56,-1.63
196308,6.03,5.04,4.62,9.56,5.54
196309,-0.41,-2.05,1.49,-4.06,-3.18
196310,5.65,0.95,5.31,3.38,1.38
196311,-3.05,-0.43,2.38,-1.65,0.23
196312,1.01,2.84,1.13,1.54,2.81
196401,1.35,3.06,3.16,3.68,1.24
196402,1.95,1.82,0.6,1.66,5.5
196403,1.88,2.04,0.81,-1.94,2.18
196404,1.42,0.6,-1,-1.42,0.26
196405,1.86,1.67,0.86,0.53,2.42
196406,1.65,1.09,2.99,0.59,1.38
196407,3.31,2.7,-1.92,4.76,1.34
196408,0.65,-1.19,-2.04,-4.22,-3.14
196409,3.74,3.63,-0.15,2.73,4.05
196410,0.6,1.35,-0.94,2.88,1.83
196411,0.25,0.81,-1.4,2.17,-1.8
196412,0.91,-0.29,1.82,4.38,-1.79
196501,4.24,3.52,3.17,7.66,4.72
196502,0.44,0.26,1.39,2.42,2.59
196503,0.26,-1.58,-1.18,-0.93,-0.26
196504,6.19,2.38,3.53,2.98,2.17
196505,-1.9,-0.22,1.77,-1.24,-1.68
196506,-6.21,-4.45,-4.84,-5.31,-7
196507,1.21,1.78,1.28,3.95,3.41
196508,3.25,2.38,3.27,6.29,5.09
196509,3.31,3.47,2.93,2.24,1.79
196510,3.94,2.92,1.08,3.23,4.25
196511,-1.44,0.7,-1.03,3.8,3.9
196512,1.27,1.62,-1.19,3.83,3.49
196601,-0.16,1.2,-0.02,2.74,5.26
196602,-1.27,-2.19,2.71,-1.55,2.11
196603,-2.73,-1.63,-2.86,-1.6,-2.84
196604,0.83,2.62,4.54,-0.02,3.05
196605,-6.05,-4.59,-4.6,-5.25,-7.88
196606,-2.07,-1.49,0.16,0.99,0.74
196607,-1.95,-0.76,-1.48,-1.72,-2.06
196608,-7.14,-7.55,-5.33,-8.07,-11.79
196609,-1.39,0.07,-1.27,-1.13,-1.85
196610,1.34,5.75,4.57,4.87,3.12
196611,-0.75,0.73,4,6.89,7.95
196612,-2.03,0.91,1.61,-0.17,2.12
196701,11.19,7.24,8.32,6.41,11.97
196702,0.9,0.27,4.3,1.42,-0.25
196703,3.91,4.36,4.3,7.83,4.17
196704,8.4,2.81,4.34,4.46,2.23
196705,-5.21,-3.43,-4.97,-5.29,-1.9
196706,2.4,1.54,4.79,5.38,3.74
196707,8.08,5.1,-0.45,3.79,7.89
196708,-0.14,-0.74,-1.11,0.66,-0.32
196709,3.78,2.87,5.59,2.89,1.32
196710,-2.94,-3.66,1.74,-5.01,-5.25
196711,0.08,1.11,0.92,1.33,-0.41
196712,2.2,4.27,1.48,1.62,5.5
196801,-2.19,-3.72,-4.8,-6.57,-1.85
196802,-2.07,-3.3,-3.76,-4.24,-3.56
196803,1.15,-0.02,2.19,0.1,-0.08
196804,11.78,7.78,8.72,11.9,12.14
196805,2.35,2.16,2.27,3.34,6.27
196806,-0.18,1.74,0.01,2.25,2.99
196807,-3.78,-0.65,-3.81,-4.1,-2.77
196808,2,2.01,0.78,0.68,2.83
196809,6.47,3.54,2.95,0.85,9.2
196810,2.41,1.38,-2.19,-0.05,1.08
196811,2.63,6.2,7.44,8.1,7.6
196812,-3.22,-3.05,-5.82,-1.03,-3.77
196901,-1.43,-0.19,-2.62,-0.23,0.9
196902,-4.65,-5.31,-3.49,-5.14,-8.4
196903,3.61,3.34,3.32,3.34,0.74
196904,1.85,0.78,5.25,4.98,1.79
196905,0.54,0.72,-0.71,1.66,-1.12
196906,-6.28,-7.73,-1.54,-5.03,-10.7
196907,-7.41,-6.37,-5.1,-2.73,-9.12
196908,5.1,4,5.14,9.2,9.02
196909,-0.27,-4.78,-1.21,2.17,-0.74
196910,6.17,4.63,5.04,8.97,7.96
196911,-3.69,-4.03,-0.83,0.34,-5.55
196912,-2.84,-1.74,-2.31,4.3,-3.76
197001,-6.23,-7.94,-6.99,-7.11,-8.82
197002,5.27,5.77,4.62,5.57,9.48
197003,1.02,0.24,-0.91,-5.1,-1.91
197004,-9.94,-8.86,-12.38,-10.12,-13.71
197005,-7.57,-4.46,-7.41,-7.74,-8.31
197006,-3.12,-4.13,-10.51,-0.48,-6.84
197007,9.05,7.94,5.42,2.14,8.05
197008,5.13,5.2,5.79,1.8,5.02
197009,5.18,2.96,5.88,8.01,7.62
197010,-1.06,-0.9,-3.61,0.31,-5.88
197011,6.15,5.16,4.81,2.97,3.76
197012,6.43,6.06,5.31,5.34,8.38
197101,5.44,3.68,7.03,4.92,7.78
197102,3.18,1.59,-0.27,1.31,2.24
197103,4.81,3.38,5.46,3.68,5.95
197104,5.33,2.96,1.84,4.23,4.34
197105,-3.16,-3.22,-5.81,-2.13,-4.53
197106,-0.12,1.2,-1.08,2.05,-1.33
197107,-3.69,-3.61,-6.94,-2.17,-3.87
197108,6.69,2.61,3.62,3.15,6.99
197109,0.2,-0.9,-0.95,0.66,-0.41
197110,-4.32,-4.25,-3.5,-2.47,-4.21
197111,0.02,-0.74,1.31,0.69,-0.28
197112,8.87,9.27,10.02,7.79,8.2
197201,2.18,1.74,5.93,2.63,3.34
197202,3.51,3.08,1.36,7.12,2.25
197203,2.14,-0.17,0.65,0.46,2.29
197204,0.23,0.54,0.2,1.1,1.79
197205,0.2,2.05,2.97,3.71,-0.64
197206,-2.68,-1.81,-2.58,2.54,-4.52
197207,-2.02,-0.01,0.89,3.1,-2.97
197208,1.1,5.5,3.54,1.05,3.54
197209,-1.37,-0.73,0.45,-0.43,-1.75
197210,-0.54,2.54,-1.61,1.5,1.13
197211,7.02,5.1,3.97,-0.53,5.11
197212,1.32,0.56,1.8,3.73,-0.77
197301,-5.2,-1.27,0.61,-1.18,-7.49
197302,-5.63,-3.81,-3.53,-0.71,-6.08
197303,-3.13,0.47,-0.68,0.78,-0.29
197304,-6.6,-2.83,-4.3,-5.48,-7.81
197305,-2.91,-1.63,-2.02,1.07,-5.03
197306,-3.9,-0.08,-0.15,0.02,-0.3
197307,8.55,3.37,3.12,6.87,9.61
197308,-3.78,-2.23,-3.76,-6.91,-2.27
197309,6.92,6.39,0.67,0.79,7.23
197310,-3.45,1.28,0.54,1.83,-1.09
197311,-16.39,-11.42,-8.27,-7.77,-13.47
197312,-1.88,3.93,-1.34,-4.48,2.49
197401,4.95,-1.69,1.52,-2.52,1.09
197402,-0.04,-0.43,1.31,-1.23,1.01
197403,-1.66,-1.99,-3.41,1.21,-3.61
197404,-3.25,-4.83,-4.25,-1.48,-6.39
197405,-0.48,-4.34,-3.28,-0.12,-8.41
197406,-1.96,-1.12,-1.76,-1.62,-5.5
197407,-11.55,-4.21,-8.14,-14.06,-6.64
197408,-10.08,-9.45,-3.08,-8.11,-10.63
197409,-12.38,-9.74,-11.9,-15.55,-9.6
197410,10.18,17.2,13.18,29.52,20.24
197411,-4.7,-4.53,-4.16,-1.2,-2.76
197412,-2.46,-2.2,-2.49,-3.37,-4.34
197501,21.77,12.43,13.5,-0.61,17.82
197502,4.59,5.07,9.83,16.04,2.85
197503,8.13,1.83,0.27,1.28,4.11
197504,3.2,7.24,2.98,0.72,3.29
197505,4.04,6.42,4.99,6.48,5.7
197506,7.44,5.38,2.95,0.91,5.95
197507,-5.07,-5.2,-7.45,-12.03,-6.13
197508,-2.36,-0.92,-3.21,-3.34,-5.12
197509,-2.84,-3.61,-1,-6.54,-6.31
197510,9.83,3.5,7.79,10.68,3.9
197511,4.06,1.59,4.73,5.12,3.55
197512,-1.67,-0.48,-0.81,-6.36,-0.29
197601,11.72,12.92,14.97,7.78,12.92
197602,2.24,-0.5,2.05,-6.52,3.13
197603,2.5,2.91,2.11,6.52,1.93
197604,-1.54,-0.08,-1.57,-4.31,-1.56
197605,-3.62,0.77,-0.75,-2.81,-1.66
197606,3.19,4.21,6.55,3.66,5.4
197607,-0.5,-0.78,-0.98,-0.38,-0.04
197608,0.26,-0.71,1.19,2.17,-1.14
197609,2.16,3.1,2.41,3.62,0.93
197610,-1.26,-2.6,-2.36,-3.75,-0.46
197611,1.84,0.61,2.23,-9.69,2.05
197612,5.76,6.1,3.69,6.26,8.4
197701,-5.01,-2.83,-2.34,-8.82,-4.16
197702,-2.24,-1.89,0,-0.21,-1.75
197703,-2.44,-0.82,-0.44,-1.79,-0.1
197704,0.23,1.45,-1.81,-5.2,2.14
197705,-1.3,-1.31,-0.29,-1.88,-0.85
197706,4.88,4.7,5.37,9.04,5.31
197707,-0.42,-2.19,-0.44,-2.24,-0.35
197708,1.05,-3.11,-0.62,3.79,-1.25
197709,0.42,0.16,0.29,-0.84,-0.08
197710,-3.67,-3.98,-3.95,-1.68,-4.43
197711,4.01,4.04,4.01,6.02,6.47
197712,-0.58,0.88,2.31,0.59,0.65
197801,-6.23,-6.04,-4.5,-1.86,-5.31
197802,0.06,-1.69,-0.48,-3,-0.15
197803,4.42,3.02,0.68,4.16,5.42
197804,8.9,7.69,8.97,9.2,9.34
197805,2.05,2.43,0.83,5.25,2.54
197806,-1.58,-1.76,-0.82,1.1,-0.26
197807,4.36,5.51,5.75,8.87,6.55
197808,4.19,3.63,5.08,1,6.38
197809,-1.07,0.33,-2.15,-2.75,-1.26
197810,-12.22,-10.33,-8.38,-12.84,-14.06
197811,1.86,3.95,4.24,5.18,2.5
197812,0.36,1.43,3.94,3.42,1.32
197901,4.88,5.39,4.06,1.42,6.09
197902,-3.79,-2.29,-2.29,-4.52,-3.25
197903,5.48,7.07,4.75,5.05,8.17
197904,1.26,0.75,-0.57,0.42,1.51
197905,-1.64,-1.67,-1.23,-2.64,-0.31
197906,3.11,5.75,1.02,4.83,7.05
197907,1.8,1.93,-1,0.14,3.3
197908,7.02,6.79,4.3,8.54,5.85
197909,-0.85,1.44,-1.99,-0.54,-0.65
197910,-8.58,-5.88,-6.78,-4.34,-10.15
197911,2.47,6.89,6.66,8.75,7
197912,3.29,2.83,0.61,2.08,4.18
198001,4.33,9.04,4.06,-1.29,5.51
198002,-5.26,3.73,-2.87,-4.63,-3.33
198003,-8.51,-13.81,-9.32,-2.84,-12.26
198004,3.06,6.12,3.07,4.28,6.06
198005,7.68,5.02,4.89,6.96,8.11
198006,2.75,4.2,1.69,0.21,5.12
198007,9.78,4.94,10.2,8.89,6.63
198008,1.57,2.11,4.57,0.3,2.65
198009,0.75,4.18,0.78,3.6,3.62
198010,-0.73,4.09,0.23,-1.29,1.5
198011,2.58,15.84,6.68,8.81,7.48
198012,-0.34,-6.5,-0.62,4.61,-0.7
198101,0.33,-6.11,-4.28,-1.57,-2.55
198102,3.64,1.33,1,1.85,1.7
198103,8.68,1.73,3.82,5.87,8.44
198104,1.91,-3.99,1.97,3,0.93
198105,2.76,-1.57,5.14,3.47,2.51
198106,-1.72,1.86,-5.16,-5.58,-0.97
198107,-2.15,2.56,-2.45,-3.89,-2.68
198108,-5.93,-5.73,-5.15,-7.75,-5.5
198109,-2.95,-9.17,-1.62,-1.33,-5.44
198110,4.14,6.52,5.46,7.95,7.14
198111,2.68,5.77,1.93,3.93,5.07
198112,-1.3,-3.88,-0.52,-0.75,-3.76
198201,-0.03,-5.09,2.03,1.45,-3.25
198202,-1.77,-6.88,-5.39,-1.81,-3.9
198203,3.3,-1.81,-1.63,-2.57,-1.31
198204,5.66,3.78,4.7,7.33,3.72
198205,-2.66,-1.18,-3.98,-3.05,-5.46
198206,2.3,-4.01,-2.4,-0.73,-2.43
198207,-0.21,-4.46,1.42,0.85,-3.07
198208,11.48,12.05,12.12,12.38,11.32
198209,3.55,0.45,1.14,1.37,4.17
198210,14.22,8.66,14.05,8.35,15.66
198211,8.02,1.14,9.19,5.31,7.57
198212,0.4,2.97,1.5,0.56,-1.3
198301,1.45,4.27,9.55,1.43,2.82
198302,5.14,2.1,2.43,2.8,4.64
198303,5.46,2.97,0.67,4.63,4.96
198304,8.36,7.07,6.79,5.12,8.3
198305,-0.72,1.87,1.62,-2.66,2.45
198306,6.07,2.85,4.49,6.89,1.64
198307,-3.12,-1.76,-5.32,-5.63,-3.69
198308,-2.21,3.04,-0.21,-1.08,-0.86
198309,3.67,0.27,2.18,1.28,1.63
198310,-0.61,-1.14,-6.42,-2.14,-4.01
198311,3.55,2.44,2.52,-3,4.68
198312,-1.61,-0.66,-0.14,-3.6,-0.86
198401,-3.85,1.89,-3.37,-0.61,-1.65
198402,-5.38,-2.37,-5.29,-1.99,-4.89
198403,1.12,1.47,0.04,-0.7,2.45
198404,0.63,1.34,0.3,2.34,-2.06
198405,-4.22,-4.57,-4.93,-6.45,-6.85
198406,5.5,0.74,4.78,3.85,2.23
198407,0.1,-3.07,-0.47,-3.81,-1.8
198408,9.51,11.61,11.4,10.29,11.16
198409,0.44,0.44,-1.09,-4.39,2.2
198410,0.85,-0.49,-1.63,1.6,0.73
198411,-1.74,-0.27,-2.25,-0.04,-0.3
198412,2.46,1.42,3.53,2.84,3.7
198501,9.22,6.48,9.77,8.24,9.81
198502,2.06,2.12,0.41,3.61,2.15
198503,0.04,0.53,-2.05,3,-0.16
198504,-1.67,0.92,-2.45,-1.7,1.47
198505,8.01,4.18,5.11,9.54,6.36
198506,2,1.34,1.49,2.32,2.95
198507,-1.82,0.36,1.72,-0.46,-0.14
198508,-0.62,0.29,-1.65,-0.81,-0.45
198509,-2.65,-3.55,-4.59,-3.92,-4.92
198510,4.07,4.85,3.33,3.16,6.38
198511,8.66,4.91,8.29,9.75,7.41
198512,5.53,2.48,7.68,3.5,4.49
198601,1.87,-0.09,-1.25,1.09,3.54
198602,9.72,7.01,5.61,6.13,8.33
198603,8.2,4.18,0.96,12.02,5.78
198604,-0.65,-1.75,3.52,0.7,-2.64
198605,7.81,4.88,2,7.27,4.63
198606,3.57,0.65,-1.35,5.64,1.54
198607,-7.99,-3.59,-6.75,-5.32,-6.41
198608,3.4,8.86,6.94,4.01,6.9
198609,-9.29,-6.12,-7.76,-12.54,-8.79
198610,7.72,5.11,1.86,7.94,4.26
198611,2.14,2.3,3.66,1.36,-0.62
198612,-4.06,-1.95,-3.69,-1.24,-2.53
198701,14.64,13.06,12.91,13.16,11.14
198702,6.5,1.52,6.63,11.24,4.67
198703,2.24,4.22,2.32,0.17,-0.29
198704,-1.25,-1.68,2.51,-2.45,-4.07
198705,0.53,0.48,1.09,1.24,-0.04
198706,5.57,4.94,1.86,4.78,4.62
198707,6.03,4.16,2.6,5.77,3.58
198708,4.09,2.77,6.66,2.21,4.35
198709,-4.34,-1.32,-0.88,-2.54,-1.79
198710,-24.99,-20.91,-21.44,-20.45,-23.6
198711,-8.29,-5.86,-9.49,-9.31,-6.61
198712,8.14,7.27,9.04,5.34,5.4
198801,4.22,4.52,1.89,6.36,6.39
198802,7.48,4.36,5.12,4.2,4.32
198803,-2.05,-0.79,-4.36,-2.52,-1.35
198804,1.24,1.93,1.89,-2,-0.36
198805,-0.3,0.52,-0.05,-0.25,0.95
198806,5.72,4.03,7.01,2.68,6.02
198807,0.24,-0.53,-2.96,0.49,-0.59
198808,-2.31,-2.78,-5.98,-1.04,-0.93
198809,6.63,1.86,4.85,3.86,4.13
198810,4.94,1.39,1.28,1.22,-0.01
198811,-1.67,-1.33,-1.53,-2.17,-2.09
198812,2.23,2.34,3.34,1.82,0.96
198901,6.23,6.12,7.95,6.78,6.89
198902,-1.85,-1.84,-2.57,-1.15,-0.41
198903,3.26,1.7,-0.23,4.94,3.41
198904,4.75,4.36,7.41,5.41,4.68
198905,4.83,3.77,4.16,3.41,4.18
198906,0.14,-0.97,-1.58,-2.72,0.84
198907,9.75,6.32,5.99,13.9,8.16
198908,0.95,3.03,1.69,0.37,3.36
198909,-1.9,-0.99,0.91,2.41,1.35
198910,-3.63,-1.97,-3.07,0.39,-4.84
198911,1.06,3.32,0.37,4.54,-0.03
198912,0.85,4.12,2.89,1.05,-1.46
199001,-7.49,-5.6,-8.56,-7.36,-8.87
199002,1.35,2.16,1.57,-2.06,2.52
199003,4.51,1.72,4.3,3.85,-0.26
199004,-1.55,-3.54,-2.81,0.29,-3.46
199005,9.87,7,10.79,12.77,9.1
199006,1.21,-0.67,-3.11,4.43,-1.64
199007,-2.47,2.39,-5.94,2.6,-3.46
199008,-10.17,-8.04,-11.35,-6.8,-11.38
199009,-6.7,-4.34,-2.42,-4.35,-10
199010,-0.32,-0.48,-0.01,1.42,-6.36
199011,7.65,4.52,6.59,9.49,10.65
199012,3.46,2.04,2.83,2.78,5.46
199101,6.95,2.37,6.93,4.54,7.48
199102,9.53,6.32,4.89,9.87,9.68
199103,5.82,1.43,1.53,5.42,3.1
199104,0.03,0.91,-0.89,-1.14,1.28
199105,6.34,3.53,1.04,4.65,4.96
199106,-4.63,-3.71,-5.38,-4.18,-5.22
199107,4.87,3.81,3.91,8.46,4.7
199108,3.9,2.21,1.84,2.88,3.11
199109,-3.19,-0.56,-0.39,-0.36,-0.57
199110,-1.27,1.57,2.04,6.63,2.32
199111,-1.53,-4.4,-4.65,-2.59,-5.4
199112,13.34,7.63,9.47,16.54,12.62
199201,-0.53,-0.82,2.03,-5.55,2.06
199202,2.77,0.8,1.45,-2.64,3.13
199203,-1.25,-1.39,-3.23,-5.47,-2.15
199204,-0.17,4.36,2.69,-2.16,0.52
199205,0.55,0.92,-0.82,1.13,1.51
199206,-1.94,-2.46,-1.55,-4.72,-0.01
199207,3.84,4.37,4.17,5.8,3.18
199208,-0.88,-1.4,-2.8,-3.37,-3.41
199209,2.19,1.2,2.57,-4.97,3.47
199210,1.34,-0.43,0.78,3.35,2.98
199211,5.6,1.46,5.32,4.83,6.01
199212,0.66,1.82,2.73,-1.36,3.86
199301,0.69,1.25,2.99,-6.84,3.28
199302,-1.62,3.69,2.66,-8.96,0.4
199303,1.83,2.52,2.74,0.74,3.93
199304,-7.36,0.23,-3.27,1.31,-3.2
199305,3.8,1.65,6.46,3.58,1.71
199306,-1.13,0.32,2.1,-2.99,2.19
199307,-0.49,0.53,-0.86,-5.94,2.05
199308,3.59,3.67,5.92,3.13,3.43
199309,-0.77,-0.86,0.4,0.88,1.71
199310,5.72,0.67,2.11,5.94,-2.3
199311,0.68,-1.99,-3.08,1.1,-2.78
199312,0.53,2.55,1.29,2.45,2.62
199401,1.31,3.45,3.41,1.98,4.41
199402,-0.46,-2.1,-1.78,-5.57,-3.88
199403,-4.74,-4.15,-3.82,-6.68,-4.25
199404,0.53,1.39,-0.2,2.3,1.27
199405,-1.75,0.21,1.89,4.43,3
199406,-2.43,-2.72,-2.46,-3.75,-2.64
199407,2.16,4.38,3.55,1.08,2.69
199408,4.43,2.84,5.35,10.82,3.51
199409,-1.9,-1.97,-0.77,1.72,-4.2
199410,1.25,2.25,3.9,0.91,0.05
199411,-2.89,-4.22,-3.59,0.47,-5.16
199412,-0.08,2.17,1.81,0.58,1.42
199501,0.62,1.06,1.31,6.18,4.68
199502,3.16,4.36,4.47,2.24,4.87
199503,2.88,2.84,2.72,2.78,1.93
199504,0.33,2.7,5.52,3.02,1.69
199505,3.91,3.92,2.11,1.63,4.48
199506,2.87,0.44,7.48,4.49,2.2
199507,2.42,2.51,6.87,5.39,4.84
199508,-0.72,-0.29,1.54,1.07,3.67
199509,3.88,2.77,2.92,7.48,4.52
199510,-2.82,-1.38,0.85,1.11,-2.06
199511,5.3,5.15,0.64,4.99,6.13
199512,0.95,3.12,-1.06,5.91,1.08
199601,1.64,2.23,2.1,6.04,3.55
199602,3.42,0.27,2.95,-1.12,2.17
199603,2.59,3.1,-2.84,0.19,1.75
199604,2.33,1.26,7.21,-0.61,0.26
199605,4.95,1.75,2.46,3.94,1.53
199606,-0.08,0.85,-3.01,-0.23,-0.29
199607,-5.54,-4.45,-7.78,-6.07,-4.29
199608,2.43,3.12,2.57,4.22,3.9
199609,3.23,4.7,7.61,7.33,5.07
199610,0.46,2.89,-1.57,-0.71,3.95
199611,4.44,5.35,9.97,6.67,7.52
199612,-1.51,-0.03,-1.1,-2.65,-1.76
199701,3.06,3.7,7.18,9.52,6.03
199702,3.15,-0.95,-4.51,0.97,2.6
199703,-3.41,-1.57,-6.26,-7.36,-5.89
199704,3.87,3.02,6.15,6.19,5.2
199705,6.01,7.09,9.14,6.88,6.21
199706,4.08,3.98,2.13,8.88,5.38
199707,5.64,6.63,12.07,2.04,9.3
199708,-3.74,-3.59,-1.61,-6.13,-4.74
199709,5.37,4.22,5.06,6.6,7.92
199710,-2.77,-4,-5.36,0.16,-2.67
199711,4.86,2.65,4.08,2.84,3.02
199712,2.17,0.67,-1.5,3.55,5.26
199801,-0.9,-1.59,5.07,5.73,-2.08
199802,8.27,6.38,7.9,5.47,8.13
199803,6.14,5.13,3.94,3.61,5.8
199804,-1.38,1.26,2.44,1.9,1.81
199805,2.42,-2.64,-5.27,-2.46,-3.09
199806,3.91,-0.26,6.99,6.16,3.08
199807,-3.26,-5.89,1.51,-0.22,-1.76
199808,-14.44,-10.87,-15.73,-12.25,-21.49
199809,1.41,4.65,13.54,12.01,2.7
199810,10.85,6.45,6.47,3.85,8.91
199811,7.56,2.51,9.13,6.17,6.19
199812,4.85,1.65,14.98,5.02,3.46
199901,0.42,-1.85,13.19,0.24,1.1
199902,-2.74,-2.5,-9.02,0.23,0.02
199903,0.53,5.8,5.77,2.56,2.47
199904,2.95,10.41,4.03,-5.54,6.69
199905,-1.62,-1.75,-0.17,-2.04,-3.76
199906,3.99,1.82,10.03,4.5,3.19
199907,-4.18,-0.55,-1.75,-4.44,-6.03
199908,-4.67,0.15,1.7,3.73,-5.21
199909,-2.82,-3.46,1,-7.09,-4.37
199910,4.65,3.55,4.85,10.79,11.31
199911,1.5,-0.95,10.6,1.49,-2.3
199912,2.88,6.54,16.58,-5.64,1.46
200001,-7.95,-4.96,-4.54,7.54,-4.69
200002,-5.11,-4.75,13.29,-2.92,-7.12
200003,11.03,8.19,4.64,0.3,14.08
200004,-2.04,1.57,-10.13,5.28,-3.12
200005,-0.57,1.31,-10.76,3.95,3.4
200006,-1.32,-2.62,11.33,11.52,-2.94
200007,-0.04,-0.84,-5.58,-6.16,5.49
200008,-1.49,8.29,10.04,3.54,9.15
200009,2.34,-0.19,-13.17,3.71,0.25
200010,1.95,0.93,-5.97,2.62,-1.1
200011,-0.78,-1.94,-21.81,0.81,-6.12
200012,5.21,7.25,-7.14,3.53,7.2
200101,3.93,-3.46,15.99,-8.96,0.17
200102,-3.03,-0.94,-22.58,-0.48,-4.41
200103,-3.5,-3.04,-11.72,-8.44,-4.29
200104,4.2,7.85,13.98,3.98,5.94
200105,1.78,1.32,-2.83,3.02,3.66
200106,-1.64,-5.69,0.37,-2.87,0.05
200107,2.69,-1.13,-5.79,2.33,-2.26
200108,-4.01,-1.87,-11.7,-3.11,-5.41
200109,-7.53,-9.46,-14.33,-0.58,-8.22
200110,1.32,3.56,7.68,1.18,-0.81
200111,7.15,2.94,13.25,5.04,7.53
200112,3.05,3.81,0.25,-2.89,3.44
200201,2.36,-0.63,-2.25,-2.36,-1.59
200202,1.76,3.74,-10.5,-0.49,-0.16
200203,3.09,6.55,4.8,0.46,5.31
200204,0.23,-2.02,-11.96,-7.57,-2.99
200205,-0.26,-1.48,-2.07,-2.23,-0.6
200206,-5.62,-2.68,-12.75,-9.6,-4.91
200207,-9.65,-9.99,-10.19,-2.55,-6.46
200208,2.02,0.01,-0.55,0.65,0.91
200209,-8.84,-8.67,-14.66,-5.86,-10.74
200210,4.85,2.89,19.89,5.69,6.41
200211,1.28,4.53,14.88,3.71,4.5
200212,-4.15,-1.31,-11.86,-4.05,-4.99
200301,-4.66,-3.48,-2.07,-0.59,-2.25
200302,-2.27,-1.37,-0.9,-1.94,-2.54
200303,1.09,1.89,-0.85,3.79,0.91
200304,7.64,4.54,9.76,4.32,11.66
200305,5.65,6.62,8.76,3.9,5.23
200306,2.63,0.13,0.71,4.12,0.88
200307,1.27,1.04,3.61,0.6,3.6
200308,4.48,4.3,4.8,-2.54,0.53
200309,-2.41,-2.05,-2.14,0.24,0.34
200310,7.58,5.63,7.86,0.73,6.47
200311,1.95,1.52,1.26,1.63,1.01
200312,0.94,8.37,3.41,5.69,4.36
200401,0.2,0.01,3.71,3.04,2.75
200402,4.91,2.72,-2.4,0.91,1.98
200403,-0.04,0.04,-2.48,-3.9,-0.61
200404,-0.7,0.08,-3.78,3.58,-3.87
200405,-0.84,1.27,2.82,-0.38,1.94
200406,1.13,4.83,2.17,-0.38,1.44
200407,-4.75,-1.14,-6.74,-5.87,-2.41
200408,-0.48,0.92,-3.03,1.67,1.95
200409,0.88,3.82,2.86,-1.42,1.25
200410,2.49,0.15,4.68,-2.4,1.19
200411,4.24,6.58,5.19,0.66,4.92
200412,4.06,1.06,3.39,5.66,4.42
200501,-1.18,0.25,-5.79,-4.05,-2.45
200502,0.68,8.44,-0.03,2.48,0.2
200503,-0.95,-1.79,-1.92,-0.41,-2.38
200504,-4.08,-3.91,-3.83,3.95,-1.62
200505,4.9,2.42,6.49,1.45,3.34
200506,0.85,2.24,-1.21,-0.57,1.43
200507,4.46,5.39,5.29,3.73,2.49
200508,-3.22,1.42,-0.56,-0.33,-1.72
200509,-1.27,3.68,0.23,-1.95,1.32
200510,-0.32,-6.09,-1.92,-3.25,1.32
200511,2.76,2.82,5.64,1.57,4.98
200512,-0.32,1.06,-1.8,2.4,0.12
200601,1.54,7.3,4,2.15,1.58
200602,1.25,-2.37,-0.25,1.07,1.07
200603,2,2.19,2.71,-0.96,1.85
200604,-0.44,3.88,-0.46,-1.93,2.23
200605,-0.28,-2.58,-5.55,-2.18,-3.41
200606,0.25,1.13,-0.33,-0.14,-0.33
200607,-1.3,0.79,-2.27,4.27,-1.13
200608,2.56,0.23,5.95,2.29,1.64
200609,3.23,-0.74,3.54,1.67,3.36
200610,3.52,4.85,4.52,1.66,2.85
200611,-0.02,5.13,2.45,0.05,1.68
200612,1.5,-0.34,0.3,0.08,3.25
200701,2.7,1.19,2.28,3.5,1.08
200702,-1.04,0.41,-2.51,-2.8,-2.27
200703,1.28,3.49,1.21,-0.21,-0.32
200704,3.1,4.59,4.17,6.84,3.38
200705,2.62,4.9,4.69,1.12,3.3
200706,-1.25,-0.85,0.04,-3.4,-2.73
200707,-4.96,-1.06,-1.63,-3.98,-5.53
200708,1.33,0.78,1.85,2.25,0.91
200709,1.26,5.94,3.69,3.55,2.68
200710,1.53,2.56,4.59,1.55,-0.18
200711,-2.15,-2.94,-7.21,0.03,-6.3
200712,-2,3.35,1,-4.07,-3.65
200801,-2.71,-7.95,-11.37,-4.55,-1.95
200802,-2.98,2.34,-3.76,-0.91,-8.36
200803,1.19,-1.01,0.36,-1.8,-1.7
200804,2.44,7.36,6.25,0.42,3.58
200805,2.15,3.7,5.39,1.63,-2.41
200806,-8.5,-3.19,-9.38,-3,-14.87
200807,1.42,-7.77,-1.38,6.77,4.51
200808,3.63,0.6,2.77,1.8,0.34
200809,-4.7,-12.59,-12.59,-5.95,-6.83
200810,-14.73,-17.58,-17.66,-10.95,-20.24
200811,-7.37,-3.11,-8.95,-7.36,-12.16
200812,2.66,-0.75,2.63,6.74,1.32
200901,-6.14,-5.47,-4.96,-2.19,-18.31
200902,-5.43,-12.91,-5.51,-9.93,-14.12
200903,8.46,5.24,10.41,7.04,13.03
200904,8.77,9.34,11.81,-0.95,16.59
200905,2.1,7.21,2.72,6.25,7.63
200906,0.16,-1.85,3.74,3.54,-1.98
200907,7.64,7.73,7.54,5.53,9.07
200908,2.5,1.63,2,2.19,7.99
200909,3.16,5.22,5.55,2.4,3.22
200910,-0.27,-0.79,-1.82,-3.69,-5.25
200911,4.79,5.43,5.31,8.22,5.85
200912,2.43,2.02,6.01,2.46,1.27
201001,-1.99,-4.05,-7.62,-0.01,-1.65
201002,3.86,3.32,4.36,0.38,3.42
201003,6.34,4.78,6.88,3.61,8.42
201004,1.53,3.46,2.49,-2.22,2.16
201005,-5.71,-8.71,-7.27,-8.01,-8.87
201006,-6.46,-5.12,-5.71,-1.64,-7.7
201007,6.45,8.49,7.92,2.15,7.51
201008,-3.33,-3.79,-5.51,-1.66,-7.52
201009,9.85,8.69,11.48,9,8.84
201010,3.61,4.36,5.97,2.02,2.6
201011,2.82,2.37,-1.06,-3.34,0.48
201012,4.1,7.25,6.16,5.4,9.75
201101,-1.34,4.2,3.01,-0.71,1.92
201102,2.89,4.87,3.45,3.33,2.63
201103,1.89,1.81,-0.83,2.29,-0.86
201104,4.36,2.58,3.16,6.37,1.11
201105,0.92,-2.55,-1.13,1.96,-2.4
201106,-0.96,-1.15,-2.17,-1.83,-2.06
201107,-1.38,-2.1,-1.3,-3.65,-3.7
201108,-2.86,-6.58,-6.53,-3.09,-7.54
201109,-5.11,-9.87,-5.08,-3.96,-10.37
201110,9.47,13.45,11,5.54,13.21
201111,0.45,1.61,-1.52,1.27,-1.61
201112,1.13,0.01,-0.44,3.53,1.14
201201,3.36,2.96,6.9,3.38,6.76
201202,3.7,4.35,6.23,1.23,3.88
201203,4.05,-0.63,4.26,3.96,4.73
201204,0.25,-0.62,-1.3,0.61,-1.67
201205,-3.29,-7.67,-6.45,-3.28,-7.18
201206,2.05,3.19,3.8,6.8,4.85
201207,1.24,2.06,0.46,1.65,-1.02
201208,1.84,1.81,3.74,0.98,2.77
201209,1.66,2.52,2.33,4.67,3.84
201210,-0.77,-0.81,-5.45,-1.88,0.7
201211,2.27,0.03,1.47,1.5,-0.09
201212,-0.91,1.82,0.53,-0.53,3.51
201301,5.23,6.35,3.07,8.08,6.92
201302,1.68,1.21,0.96,1.35,1.69
201303,4.76,2.9,3.34,6.52,4.05
201304,3.19,0.72,1.42,2.58,0.89
201305,1.12,1.5,2.76,1.61,6.02
201306,-0.05,-1.7,-1.61,-1.36,-1.21
201307,5.06,5.45,5.39,7.87,5.44
201308,-3.84,-2.3,-0.79,-3.86,-3.65
201309,3.74,3.39,3.94,4,3.76
201310,4.57,4.41,4.32,3.83,3.74
201311,2.67,1.46,2.76,4.44,4.54
201312,1.11,2.86,4.03,0.63,3.06
201401,-5.94,-4.13,-1.74,1.57,-4.44
201402,4.9,5.09,4.66,6.49,3.47
201403,0.73,1.42,-0.62,-2.54,2.33
201404,0.03,3.04,-0.89,-0.29,-1.64
201405,1.83,0.91,3.56,1.89,1.72
201406,1.53,2.94,2.66,2.85,2.13
201407,-3.25,-4.26,0.4,-0.26,-2.14
201408,5.21,4,3.39,5.49,4.44
201409,-1.69,-4.4,-1.39,-0.22,-0.99
201410,2.97,0.81,1.3,5.88,3.36
201411,6.28,-1.9,3.97,2.51,2.72
201412,0.08,0.41,-1.38,-0.83,1.14
201501,-0.71,-3.06,-3.68,1.58,-6.2
201502,5.56,3.74,8.35,4.23,6.9
201503,-0.49,-1.87,-2.38,0.73,-0.75
201504,-1.06,1.66,1.83,-1.42,0.5
201505,1.15,-1.17,1.64,4.86,1.74
201506,-0.92,-3,-2.81,0.16,-0.3
201507,4.25,-3.14,2.32,3.52,2.06
201508,-4.99,-4.75,-6.37,-8.34,-6.14
201509,-1.49,-3.85,-1.66,-6.87,-3.06
201510,5.44,8.62,9.88,7.54,6.49
201511,0.33,-0.11,0.57,0.49,1.19
201512,0.14,-4.53,-2.69,0.32,-2.62
201601,-3.29,-3.38,-4.84,-9.97,-8.29
201602,0.54,1.35,-0.55,-0.95,-0.14
201603,5.79,8.03,7.85,3.94,7.05
201604,-0.15,3.48,-3.02,4.94,2.37
201605,0.72,-0.09,4.05,2.39,0.9
201606,1.74,2.67,-0.78,-0.09,-2.7
201607,2.46,1.2,6.65,6.12,3.51
201608,-1.01,0.36,0.72,-3.12,3.37
201609,-1.45,1.03,2.03,0.56,-1.25
201610,-2.52,-2.26,-1.43,-7.49,0.68
201611,1.49,5.22,1.63,2.4,11.34
201612,1.32,1.55,1.61,0.71,2.96
201701,1.37,0.66,4.31,2.02,0.93
201702,2.97,2.27,3.97,6.97,3.71
201703,0.79,-0.2,1.91,0.03,-1.69
201704,1.83,0.36,2.19,0.91,0.23
201705,2.02,0.35,3.12,-0.25,-0.45
201706,-1.2,0.32,-2.12,5.54,4.22
201707,-0.07,2.31,4.02,0.7,1.49
201708,-1.56,-0.73,2.01,2.58,-0.38
201709,1.69,4.61,0.23,2.05,4.36
201710,1.67,2.23,4.67,-2.27,2.08
201711,5.93,3.19,1.42,2.46,3.89
201712,2.03,1.57,0.62,-0.17,1.47
201801,6.3,2.53,7.01,6.37,5.95
201802,-5.3,-5.91,-1.18,-3.53,-3.31
201803,-2.29,0.11,-3.19,-2.42,-2.69
201804,1.06,1.32,-0.4,-0.04,0.47
201805,0.62,2.38,5.7,2.29,1.22
201806,3.31,0.14,0.57,1.49,-1.04
201807,2.72,3.32,2.33,5.99,3.97
201808,4.71,-0.79,6.73,4.4,2.46
201809,0.34,1.56,0.04,2.14,-1.21
201810,-6,-8.68,-7.68,-8.7,-6.62
201811,2.06,2.47,-0.96,6.46,3.02
201812,-9.87,-9.03,-8.19,-8.18,-10.62
201901,8.12,8.98,8.97,5.25,9.18
201902,1.19,4.23,5.32,3.23,2.71
201903,2.82,0.71,3.31,0.48,-1.32
201904,4.1,2.47,6,-3.13,6.66
201905,-6.31,-8.29,-7.75,-3.37,-6.3
201906,6.87,7.34,7.51,6.84,6.72
201907,1.16,-0.39,3.38,-2.19,1.64
201908,-0.63,-2.18,-2.33,-0.61,-4.47
201909,1.25,3.86,1.01,-0.94,2.01
201910,0.93,-0.84,3.06,4.73,3.04
201911,2.21,1.59,4.66,5.53,4.99
201912,2.26,3.04,3.37,3.45,2.4
202001,0.89,-3.16,2.63,-2.01,-1.37
202002,-7.4,-10.23,-6.8,-5.39,-9.84
202003,-9.84,-19.18,-10.17,-5,-18.87
202004,15.7,12.67,14.59,13.41,10.54
202005,4.31,4.66,7.87,4.05,3.88
202006,3.8,0.19,5.11,-1.52,-0.07
202007,9.33,3.38,6.75,4.43,3.83
202008,10.07,3.15,10,2.45,7.21
202009,-4.01,-2.24,-4.82,-1.48,-2.97
202010,-2.64,-0.03,-2.02,-4.42,-1.89
202011,11.44,12.91,11.17,9.52,15.76
202012,4.09,2.65,4.99,4.76,5.31
202101,0.67,-1.06,0.17,3.22,-2.85
202102,-1.97,5.95,1.91,-1.35,9.53
202103,5.19,7.2,0.82,0.13,5.62
202104,5.82,2.53,6.22,2.87,5.81
202105,-1.7,2.46,-0.87,0.01,2.94
202106,2.38,0.1,6.27,4.28,-2.46
202107,0.05,-0.04,3.01,3.04,-0.38
202108,1.66,0.75,4.43,2.81,2.51
202109,-3.36,-3.15,-6.17,-5.99,-2.32
202110,8.55,6.04,6.66,2.31,7.14
202111,0.4,-1.73,0.16,-4.29,-4.92
202112,1.53,5.88,1.86,6.72,4.96
202201,-7.49,-1.18,-7.89,-8.66,-2.88
202202,-2.26,0.61,-4.77,-1.01,-0.88
202203,4.2,4.48,2.72,5.13,1.52
202204,-8.5,-4.01,-12.5,-6.8,-8.95
202205,-4.27,4.34,-1.34,0.99,0.4
202206,-7.36,-10.59,-8.2,-2.05,-10.01
202207,13.93,8.46,10.53,2.75,8.76
202208,-3.29,-0.97,-5.01,-5.07,-2.82
202209,-7.62,-10.95,-11.61,-1.91,-7.91
202210,3.86,13.46,5.32,8.84,11.6
202211,2.46,6.24,4.99,5.46,6
202212,-9.36,-2.57,-7.77,-1.73,-5.27
202301,9.08,3.65,10.1,-1.02,7.08
202302,-1.99,-3.9,-0.75,-4.3,-2.6
202303,2.73,0.87,9.52,2.53,-4.6
202304,-0.11,0.71,0.38,4.08,2.06
202305,0.48,-6.73,6.95,-3.77,-2.73
202306,8.96,7.97,5.86,4.66,7.37
